smile,gen,id,source,weight,score
O=C(NC(Cc1ccccc1)C(=O)NC(Cc1ccccc1)C(=O)O)C1CC2CCC(C1)C2C(=O)NC(Cc1ccccc1)C(=O)NC(Cc1ccccc1)C(=O)O,10,AABL,generated,786.9260000000003,-17.9
O=C(NC1CC2CCC(C1)N2CCc1ccccc1)C1CC2CC(C1)C2C(=O)NC(Cc1ccccc1)C(=O)NC(Cc1ccccc1)C(=O)NC(Cc1ccccc1)C(=O)O,10,AACA,generated,838.0620000000001,-17.7
O=C(NC1CC2CCCC(C1)N2CCc1ccccn1)C1CC2CCC(C1)C2C(=O)NC(Cc1ccccc1)C(=O)NC(Cc1ccccc1)C(=O)NC(Cc1ccccc1)C(=O)O,10,AABP,generated,867.1040000000003,-17.6
O=C(NC1CC2CCC(C1)N2CCc1ccccn1)C1CC2CCC(C1)C2C(=O)NC(Cc1ccccc1)C(=O)NC(Cc1ccccc1)C(=O)NC(Cc1ccccc1)C(=O)O,10,AABK,generated,853.0770000000003,-17.6
O=C(NC1CC2CCC(C1)N2CCc1ccccn1)C1CC2CC(C1)C2C(=O)NC(Cc1ccccc1)C(=O)NC(Cc1ccccc1)C(=O)NC(Cc1ccccc1)C(=O)O,10,AAAF,generated,839.0500000000003,-17.5
O=C(NC1CC2CCCC(C1)N2CCc1ccccc1)C1CC2CCC(C1)C2C(=O)NC(Cc1ccccc1)C(=O)NC(Cc1ccccc1)C(=O)NC(Cc1ccccc1)C(=O)O,10,AAAJ,generated,866.1160000000003,-17.5
O=C(NC1CC2CCCC(C1)N2CCc1ccccc1)C1CC2CC(C1)C2C(=O)NC(Cc1ccccc1)C(=O)NC(Cc1ccccc1)C(=O)NC(Cc1ccccc1)C(=O)O,10,AAAN,generated,852.0890000000003,-17.4
O=C(NC1CC2CCCC(C1)N2CCc1ccccc1)C1COC2CC(C1)C2C(=O)NC(Cc1ccccc1)C(=O)NC(Cc1ccccc1)C(=O)NC(Cc1ccccc1)C(=O)O,10,AABF,generated,868.0880000000003,-17.3
O=C(NC1CC2CCC(C1)N2CCc1ccccc1)C1CC2CCC(C1)C2C(=O)NC(Cc1ccccc1)C(=O)NC(Cc1ccccc1)C(=O)NC(Cc1ccccc1)C(=O)O,10,AAAU,generated,852.0890000000003,-17.2
O=C(NC(Cc1ccccc1)C(=O)NC(Cc1ccccc1)C(=O)O)C1CC2CC(C1)C2C(=O)NC(Cc1ccccc1)C(=O)NC(Cc1ccccc1)C(=O)O,10,AACC,generated,772.8990000000003,-17.2
O=C(NC1CC2CC(C1)N2CCc1ccccn1)C1CC2CC(C1)C2C(=O)NC(Cc1ccccc1)C(=O)NC(Cc1ccccc1)C(=O)NC(Cc1ccccc1)C(=O)O,10,AABB,generated,825.0230000000001,-17.1
O=C(O)C(Cc1ccccc1)NC(=O)C(Cc1ccccc1)NC(=O)C1C2CC(NC(=O)C(Cc3ccccc3)C(=O)NC(Cc3ccccc3)C(=O)O)CC1C2,10,AABQ,generated,772.8990000000001,-17.0
NC(=O)C(Cc1ccccc1)NC(=O)C(Cc1ccccc1)NC(=O)C1C2CC(NC(=O)C(Cc3ccccc3)C(=O)NC(Cc3ccccc3)C(=O)O)CC1C2,10,AABX,generated,771.9150000000003,-17.0
O=C(O)C(Cc1ccccc1)NC(=O)C(Cc1ccccc1)NC(=O)C(Cc1ccccc1)NC(=O)C1C2CC(C(O)CC3CC4CCC(C3)N4CCc3ccccc3)CC1C2,10,AAAQ,generated,839.0899999999997,-16.9
CC(O)C(Cc1ccccc1)NC(=O)C(Cc1ccccc1)NC(=O)C1C2CC(NC(=O)C(Cc3ccccc3)C(=O)NC(Cc3ccccc3)C(=O)O)CC1C2,10,AABE,generated,772.9430000000001,-16.9
CC(C)(C)NC(=O)C1CC2CCC(CC1C(=O)NC(Cc1ccccc1)C(=O)O)C2CC(O)C(Cc1ccccc1)NC(=O)C1C2CC(NC(=O)C(Cc3ccccc3)C(=O)O)CC1C2,10,AACB,generated,891.1189999999997,-16.7
O=C(NC(Cc1ccccc1)C(=O)O)C1CC2CC(C1)C2C(=O)NC(Cc1ccccc1)C(=O)NC(Cc1ccccc1)C(=O)NC(Cc1ccccc1)C(=O)O,10,AABG,generated,772.8990000000003,-16.5
O=C(O)C(Cc1ccccc1)NC(=O)C(Cc1ccccc1)C(=O)NC1CC2CC(C1)C2C(=O)NC(C(=O)NC(Cc1ccccc1)C(=O)O)c1ccccc1,9,AAAX,generated,758.8720000000003,-16.5
O=C(NCC1(c2ccccn2)CC1)NC1CC2CCC(C1)C2C(=O)NC(Cc1ccccc1)C(=O)NC(Cc1ccccc1)C(=O)NC(Cc1ccccc1)C(=O)O,10,AABY,generated,784.9580000000003,-16.3
O=C(NCC1(c2ccccn2)CC1)NC1CC2CC(C1)C2C(=O)NC(Cc1ccccc1)C(=O)NC(Cc1ccccc1)C(=O)NC(Cc1ccccc1)C(=O)O,10,AAAH,generated,770.9310000000003,-16.3
O=C(NCC1(c2ccccc2)CC1)NC1CC2CCC(C1)C2C(=O)NC(Cc1ccccc1)C(=O)NC(Cc1ccccc1)C(=O)NC(Cc1ccccc1)C(=O)O,10,AAAC,generated,783.9700000000001,-16.3
O=C(NCC1(c2ccccc2)CC1)NC1CC2CC(C1)C2C(=O)NC(Cc1ccccc1)C(=O)NC(Cc1ccccc1)C(=O)NC(Cc1ccccc1)C(=O)O,10,AAAG,generated,769.9430000000003,-16.2
O=C(NCC1(N2CCCC2)CC1)NC1CC2CC(C1)C2C(=O)NC(Cc1ccccc1)C(=O)NC(Cc1ccccc1)C(=O)NC(Cc1ccccc1)C(=O)O,9,AACZ,generated,762.9520000000003,-15.9
O=C(NC1CC2CCC(C1)C2C(=O)NC(Cc1ccccc1)C(=O)NC(Cc1ccccc1)C(=O)NC(Cc1ccccc1)C(=O)NC(Cc1ccccc1)C(=O)O)NC1CC2CCC1C2,9,AADY,generated,895.1139999999997,-15.7
O=C(O)C(Cc1ccccc1)NC(=O)C1CC2CCC(CC1C(=O)O)C2CC(O)C(Cc1ccccc1)NC(=O)C1C2CC(NC(=O)C(Cc3ccccc3)C(=O)O)CC1C2,10,AAAV,generated,835.9950000000001,-15.6
COC(=O)N1CC2CCC(CC1C(=O)NC(Cc1ccccc1)C(=O)O)C2CC(O)C(Cc1ccccc1)NC(=O)C1C2CC(NC(=O)C(Cc3ccccc3)C(=O)O)CC1C2,10,AAAI,generated,851.01,-15.6
CC(C)C(C)NC(=O)C1CC2CCC(CC1C(=O)NC(Cc1ccccc1)C(=O)O)C2CC(O)C(Cc1ccccc1)NC(=O)C(Cc1ccccc1)NC(=O)OC1COC2OCCC12,9,AACX,generated,895.107,-15.6
CC(C)(C)NC(=O)C1CCC2CCC(C1)C2C(=O)NC(Cc1ccccc1)C(=O)NC(Cc1ccccc1)C(=O)NC(Cc1ccccc1)C(=O)NC(Cc1c[nH]c2ccccc12)C(=O)O,9,AAAI,generated,895.1139999999997,-15.6
O=C(NC1CC2CC(C1)C2C(=O)NC(Cc1ccccc1)C(=O)NC(Cc1ccccc1)C(=O)NC(Cc1ccccc1)C(=O)O)NC1CC2CCCC21,9,AACK,generated,733.9100000000003,-15.5
NC(=O)C1CC2CCC(CC1C(=O)NC(Cc1ccccc1)C(=O)O)C2CC(O)C(Cc1ccccc1)NC(=O)C1C2CC(NC(=O)C(Cc3ccccc3)C(=O)O)CC1C2,9,AABL,generated,835.0110000000003,-15.5
CC(C)(C)NC(=O)C1CC2CCC(CC1C(=O)NC(Cc1ccccc1)C(=O)O)C2CC(O)C(Cc1ccccc1)NC(=O)C(Cc1ccccc1)NC(=O)OC1COC2OCOC12,9,AAES,generated,883.0520000000001,-15.5
O=C(NC1CC2CC(C1)C2C(=O)NC(Cc1ccccc1)C(=O)NC(Cc1ccccc1)C(=O)NC(Cc1ccccc1)C(=O)O)NC1CC2CCC1C2,10,AAAX,generated,733.9100000000003,-15.4
CC(C)(C)NC(=O)N1CC2CCC(CC1C(=O)NC(Cc1ccccc1)C(=O)O)C2CC(O)C(Cc1ccccc1)NC(=O)C(Cc1ccccc1)NC(=O)OC1COC2OCCC12,9,AAEG,generated,882.0680000000001,-15.3
O=C(O)C(Cc1ccccc1)NC(=O)C(Cc1ccccc1)C(=O)NC1CC2CC(C1)C2C(=O)NC1CC2CCC(C1)N2CCc1ccc(-c2ccccn2)cc1,9,AAEK,generated,767.9709999999997,-15.3
CC(C)(C)NC(=O)C1CC2CCC(CC1C(=O)NC(Cc1ccccc1)C(=O)O)C2CC(O)C(Cc1ccccc1)NC(=O)C(Cc1ccccc1)NC(=O)OC1COC2OCCC12,9,AADI,generated,881.08,-15.3
CC(C)(C)NC(=O)C1CC2CCC(CC1C(=O)NC(Cc1ccccc1)C(=O)O)C2CC(O)C(Cc1ccccc1)NC(=O)C(Cc1ccccc1)NC(=O)OC1COC2OOCC12,9,AAEF,generated,883.0520000000001,-15.2
O=C(NC(Cc1ccccc1)C(=O)NC(Cc1ccccc1)C(=O)NC(Cc1ccccc1)C(=O)O)C1CC2CC(C1)C2C(=O)NC(Cc1ccccc1)C(=O)O,10,AAAS,generated,772.8989999999999,-15.2
CC(C)(C)NC(=O)C1CC2CCC(CC1C(=O)NC(Cc1ccccc1)C(=O)O)C2C(=O)NC(Cc1ccccc1)C(=O)NC(Cc1ccccc1)C(=O)O,9,AABF,generated,752.9090000000003,-15.1
O=C(NC1CCCC1)NC1CC2CCC(C1)C2C(=O)NC(Cc1ccccc1)C(=O)NC(Cc1ccccc1)C(=O)NC(Cc1ccccc1)C(=O)O,10,AABO,generated,721.8990000000003,-15.1
O=C(NC1CC2CCCC21)C1CC2CC(C1)C2C(=O)NC(Cc1ccccc1)C(=O)NC(Cc1ccccc1)C(=O)NC(Cc1ccccc1)C(=O)O,9,AAEU,generated,718.8950000000003,-15.1
O=C(NC1CC2CCC(C1)N2CCc1ccc2ncccc2c1)C1CC2CC(C1)C2C(=O)NC(Cc1ccccc1)C(=O)NC(Cc1ccccc1)C(=O)O,9,AABR,generated,741.9330000000003,-15.0
CC(C)(C)NC(=O)C1CC2CCCCC2CN1CC(O)C(Cc1ccccc1)NC(=O)C(CC(N)=O)NC(=O)c1ccc2ccccc2n1,0,ABSI,hiv,670.855,-10.8
CC(C)CN(CC(O)C(Cc1ccccc1)NC(=O)OC1COC2OCCC12)S(=O)(=O)c1ccc2nc(NC3CCN(C4CCCC4)CC3)sc2c1,0,ABSH,hiv,756.0039999999997,-10.0
COC(=O)NC(C(=O)NC(Cc1ccccc1)C(O)CN(Cc1ccc(-c2ccccn2)cc1)NC(=O)C(NC(=O)OC)C(C)(C)C)C(C)(C)C,0,ABSN,hiv,704.8689999999997,-9.5
CC(C)CN(CC(O)C(Cc1ccccc1)NC(=O)OC1COC2OCCC12)S(=O)(=O)c1ccc(N)cc1,0,ABSK,hiv,547.6740000000003,-9.2
Cc1c(O)cccc1C(=O)NC(CSc1ccccc1)C(O)CN1CC2CCCCC2CC1C(=O)NC(C)(C)C,0,ABSL,hiv,567.7960000000003,-8.5
CCOP(=O)(COc1ccc(CC(NC(=O)OC2COC3OCCC23)C(O)CN(CC(C)C)S(=O)(=O)c2ccc(OC)cc2)cc1)OCC,0,ABSS,hiv,728.7980000000003,-8.0
CCCC1(CCc2ccccc2)CC(O)=C(C(CC)c2cccc(NS(=O)(=O)c3ccc(C(F)(F)F)cn3)c2)C(=O)O1,0,ABSP,hiv,602.6750000000002,-7.9
CC(C)(C)NC(=O)C1CN(Cc2cccnc2)CCN1CC(O)CC(Cc1ccccc1)C(=O)NC1c2ccccc2CC1O,0,ABSR,hiv,613.8030000000002,-7.9
COC(=O)NC(C(=O)NCCCCC(CO)N(CC(C)C)S(=O)(=O)c1ccc(N)cc1)C(c1ccccc1)c1ccccc1,0,ABST,hiv,624.8040000000002,-7.8
CC(C)CN(CC(O)C(Cc1ccccc1)NC(=O)OC1CCOC1)S(=O)(=O)c1ccc(N)cc1,0,ABSM,hiv,505.6370000000003,-7.7
O=C1Nc2ccc(Cl)cc2C(C#CC2CC2)(C(F)(F)F)O1,0,ABSQ,hiv,315.67799999999994,-6.4
CC(C)c1nc(CN(C)C(=O)NC(C(=O)NC(Cc2ccccc2)CC(O)C(Cc2ccccc2)NC(=O)OCc2cncs2)C(C)C)cs1,0,ABSO,hiv,720.9620000000001,99.9
Cc1cccc(C)c1OCC(=O)NC(Cc1ccccc1)C(O)CC(Cc1ccccc1)NC(=O)C(C(C)C)N1CCCNC1=O,0,ABSJ,hiv,628.8139999999999,99.9
