Ligand,Binding Affinity,rmsd/ub, rmsd/lb
6LU7_idAAAAgen11_uff_E=1049.87, -6.9, 0.000, 0.000
6LU7_idAAAAgen11_uff_E=1049.87, -6.8, 2.361, 3.105
6LU7_idAAAAgen11_uff_E=1049.87, -6.6, 3.847, 7.479
6LU7_idAAAAgen11_uff_E=1049.87, -6.6, 3.059, 9.092
6LU7_idAAAAgen11_uff_E=1049.87, -6.6, 2.724, 4.315
6LU7_idAAAAgen11_uff_E=1049.87, -6.6, 3.301, 7.982
6LU7_idAAAAgen11_uff_E=1049.87, -6.5,21.414,23.814
6LU7_idAAAAgen11_uff_E=1049.87, -6.5,19.851,24.647
6LU7_idAAAAgen11_uff_E=1049.87, -6.5,21.108,24.857
6LU7_idAAACgen10_uff_E=2080.12, -7.0, 0.000, 0.000
6LU7_idAAACgen10_uff_E=2080.12, -7.0,22.036,26.606
6LU7_idAAACgen10_uff_E=2080.12, -7.0, 2.077, 6.494
6LU7_idAAACgen10_uff_E=2080.12, -7.0,19.770,23.539
6LU7_idAAACgen10_uff_E=2080.12, -6.9,21.678,24.516
6LU7_idAAACgen10_uff_E=2080.12, -6.8, 2.501, 7.809
6LU7_idAAACgen10_uff_E=2080.12, -6.7, 2.986, 7.105
6LU7_idAAACgen10_uff_E=2080.12, -6.7,20.843,24.505
6LU7_idAAACgen10_uff_E=2080.12, -6.7, 2.244, 8.266
6LU7_idAAAGgen10_uff_E=9330.86, -8.9, 0.000, 0.000
6LU7_idAAAGgen10_uff_E=9330.86, -8.8, 3.127, 8.718
6LU7_idAAAGgen10_uff_E=9330.86, -8.8,21.208,26.363
6LU7_idAAAGgen10_uff_E=9330.86, -8.7, 3.185, 8.898
6LU7_idAAAGgen10_uff_E=9330.86, -8.6, 4.338, 8.300
6LU7_idAAAGgen10_uff_E=9330.86, -8.6, 2.121, 9.338
6LU7_idAAAGgen10_uff_E=9330.86, -8.6, 3.007, 8.558
6LU7_idAAAGgen10_uff_E=9330.86, -8.5, 1.495, 2.318
6LU7_idAAAGgen10_uff_E=9330.86, -8.4,20.731,25.633
6LU7_idAAAHgen10_uff_E=1997.50, -8.3, 0.000, 0.000
6LU7_idAAAHgen10_uff_E=1997.50, -7.8, 2.778, 9.399
6LU7_idAAAHgen10_uff_E=1997.50, -7.7,19.544,23.365
6LU7_idAAAHgen10_uff_E=1997.50, -7.4,21.760,26.511
6LU7_idAAAHgen10_uff_E=1997.50, -7.3,20.289,24.182
6LU7_idAAAHgen10_uff_E=1997.50, -7.2,19.559,23.491
6LU7_idAAAHgen10_uff_E=1997.50, -7.0,23.540,27.776
6LU7_idAAAHgen10_uff_E=1997.50, -7.0,20.202,23.874
6LU7_idAAAHgen10_uff_E=1997.50, -6.9,22.338,26.835
6LU7_idAAAIgen10_uff_E=1200.73, -7.1, 0.000, 0.000
6LU7_idAAAIgen10_uff_E=1200.73, -6.9, 2.029, 3.396
6LU7_idAAAIgen10_uff_E=1200.73, -6.8,21.789,26.888
6LU7_idAAAIgen10_uff_E=1200.73, -6.8,24.431,27.763
6LU7_idAAAIgen10_uff_E=1200.73, -6.6,22.405,28.167
6LU7_idAAAIgen10_uff_E=1200.73, -6.6,25.504,27.776
6LU7_idAAAIgen10_uff_E=1200.73, -6.6,25.166,27.482
6LU7_idAAAIgen10_uff_E=1200.73, -6.6,23.641,27.908
6LU7_idAAAIgen10_uff_E=1200.73, -6.6,21.446,26.798
6LU7_idAAAIgen9_uff_E=880.73, -8.1, 0.000, 0.000
6LU7_idAAAIgen9_uff_E=880.73, -7.7, 2.255, 8.493
6LU7_idAAAIgen9_uff_E=880.73, -7.6, 1.983, 8.622
6LU7_idAAAIgen9_uff_E=880.73, -7.5, 1.970, 8.953
6LU7_idAAAIgen9_uff_E=880.73, -7.4, 2.077, 8.621
6LU7_idAAAIgen9_uff_E=880.73, -7.4, 2.499,10.342
6LU7_idAAAIgen9_uff_E=880.73, -7.3, 1.978, 8.473
6LU7_idAAAIgen9_uff_E=880.73, -7.3, 2.399, 9.069
6LU7_idAAAIgen9_uff_E=880.73, -7.3,21.467,25.833
6LU7_idAAAJgen10_uff_E=21328.54, -9.6, 0.000, 0.000
6LU7_idAAAJgen10_uff_E=21328.54, -9.4, 2.583, 7.452
6LU7_idAAAJgen10_uff_E=21328.54, -9.4, 2.729, 9.154
6LU7_idAAAJgen10_uff_E=21328.54, -9.4, 3.132, 8.173
6LU7_idAAAJgen10_uff_E=21328.54, -9.3, 2.423, 8.773
6LU7_idAAAJgen10_uff_E=21328.54, -9.3, 2.461, 7.751
6LU7_idAAAJgen10_uff_E=21328.54, -9.2, 5.441, 9.121
6LU7_idAAAJgen10_uff_E=21328.54, -9.1, 8.207,11.799
6LU7_idAAAJgen10_uff_E=21328.54, -9.0, 2.845, 9.029
6LU7_idAAANgen10_uff_E=9256.82,-10.2, 0.000, 0.000
6LU7_idAAANgen10_uff_E=9256.82, -9.9, 2.992, 5.451
6LU7_idAAANgen10_uff_E=9256.82, -9.6, 4.424,10.995
6LU7_idAAANgen10_uff_E=9256.82, -9.5, 2.381, 3.150
6LU7_idAAANgen10_uff_E=9256.82, -9.5,21.286,27.345
6LU7_idAAANgen10_uff_E=9256.82, -9.4,22.079,26.965
6LU7_idAAANgen10_uff_E=9256.82, -9.3,22.760,27.623
6LU7_idAAANgen10_uff_E=9256.82, -9.3,22.043,26.845
6LU7_idAAANgen10_uff_E=9256.82, -9.3, 2.508, 3.481
6LU7_idAAAQgen10_uff_E=67445328182.84,-11.7, 0.000, 0.000
6LU7_idAAAQgen10_uff_E=67445328182.84,-11.5,29.127,32.594
6LU7_idAAAQgen10_uff_E=67445328182.84,-11.4,28.847,32.077
6LU7_idAAAQgen10_uff_E=67445328182.84,-11.3,22.529,27.450
6LU7_idAAAQgen10_uff_E=67445328182.84,-11.2,28.243,31.653
6LU7_idAAAQgen10_uff_E=67445328182.84,-10.9,28.902,32.318
6LU7_idAAAQgen10_uff_E=67445328182.84,-10.8,27.616,30.625
6LU7_idAAAQgen10_uff_E=67445328182.84,-10.6,28.514,32.034
6LU7_idAAAQgen10_uff_E=67445328182.84,-10.2,39.793,44.749
6LU7_idAAASgen10_uff_E=894.45, -8.1, 0.000, 0.000
6LU7_idAAASgen10_uff_E=894.45, -7.9,21.488,25.945
6LU7_idAAASgen10_uff_E=894.45, -7.8, 3.138, 9.112
6LU7_idAAASgen10_uff_E=894.45, -7.8, 1.793, 6.320
6LU7_idAAASgen10_uff_E=894.45, -7.8,22.047,26.435
6LU7_idAAASgen10_uff_E=894.45, -7.7,20.584,23.958
6LU7_idAAASgen10_uff_E=894.45, -7.7, 2.298, 7.531
6LU7_idAAASgen10_uff_E=894.45, -7.6,18.926,22.262
6LU7_idAAASgen10_uff_E=894.45, -7.5,21.328,25.668
6LU7_idAAAVgen10_uff_E=1346.60, -7.3, 0.000, 0.000
6LU7_idAAAVgen10_uff_E=1346.60, -7.2,22.557,26.902
6LU7_idAAAVgen10_uff_E=1346.60, -7.2,22.965,27.153
6LU7_idAAAVgen10_uff_E=1346.60, -7.1, 2.269, 9.399
6LU7_idAAAVgen10_uff_E=1346.60, -7.1, 2.496, 8.593
6LU7_idAAAVgen10_uff_E=1346.60, -7.0,23.133,27.496
6LU7_idAAAVgen10_uff_E=1346.60, -7.0,22.196,26.616
6LU7_idAAAVgen10_uff_E=1346.60, -6.9,21.698,25.739
6LU7_idAAAVgen10_uff_E=1346.60, -6.8, 2.292, 8.790
6LU7_idAAAXgen10_uff_E=1818.23, -8.9, 0.000, 0.000
6LU7_idAAAXgen10_uff_E=1818.23, -8.2, 2.789, 9.495
6LU7_idAAAXgen10_uff_E=1818.23, -8.1, 1.960, 5.096
6LU7_idAAAXgen10_uff_E=1818.23, -7.9, 2.583, 7.437
6LU7_idAAAXgen10_uff_E=1818.23, -7.9,21.061,26.130
6LU7_idAAAXgen10_uff_E=1818.23, -7.9, 2.510, 9.543
6LU7_idAAAXgen10_uff_E=1818.23, -7.8,21.359,25.314
6LU7_idAAAXgen10_uff_E=1818.23, -7.8, 2.770, 5.092
6LU7_idAAAXgen10_uff_E=1818.23, -7.8, 2.140, 5.679
6LU7_idAAAXgen9_uff_E=847.61, -8.0, 0.000, 0.000
6LU7_idAAAXgen9_uff_E=847.61, -7.7, 1.431, 2.153
6LU7_idAAAXgen9_uff_E=847.61, -7.5, 1.671, 2.720
6LU7_idAAAXgen9_uff_E=847.61, -7.4,19.637,25.502
6LU7_idAAAXgen9_uff_E=847.61, -7.3, 2.848, 7.062
6LU7_idAAAXgen9_uff_E=847.61, -7.3, 1.984, 3.458
6LU7_idAAAXgen9_uff_E=847.61, -7.2,19.614,24.824
6LU7_idAAAXgen9_uff_E=847.61, -7.2,19.844,25.532
6LU7_idAAAXgen9_uff_E=847.61, -7.2, 2.281, 9.351
6LU7_idAABBgen10_uff_E=9570.12, -9.0, 0.000, 0.000
6LU7_idAABBgen10_uff_E=9570.12, -8.6, 1.117, 2.290
6LU7_idAABBgen10_uff_E=9570.12, -8.4, 2.496, 6.526
6LU7_idAABBgen10_uff_E=9570.12, -8.3, 2.953, 8.363
6LU7_idAABBgen10_uff_E=9570.12, -8.3,20.648,26.127
6LU7_idAABBgen10_uff_E=9570.12, -8.3, 2.076, 3.610
6LU7_idAABBgen10_uff_E=9570.12, -8.2, 3.390, 8.904
6LU7_idAABBgen10_uff_E=9570.12, -8.2,20.643,25.770
6LU7_idAABBgen10_uff_E=9570.12, -8.2, 2.938, 9.445
6LU7_idAABEgen10_uff_E=820.06, -6.9, 0.000, 0.000
6LU7_idAABEgen10_uff_E=820.06, -6.8,21.327,26.250
6LU7_idAABEgen10_uff_E=820.06, -6.7,20.120,26.511
6LU7_idAABEgen10_uff_E=820.06, -6.6,21.727,26.736
6LU7_idAABEgen10_uff_E=820.06, -6.3,24.612,28.681
6LU7_idAABEgen10_uff_E=820.06, -6.3, 3.048, 6.687
6LU7_idAABEgen10_uff_E=820.06, -6.3,20.203,26.926
6LU7_idAABEgen10_uff_E=820.06, -6.3,21.958,27.251
6LU7_idAABEgen10_uff_E=820.06, -6.3,22.157,29.340
6LU7_idAABFgen10_uff_E=9422.37, -8.1, 0.000, 0.000
6LU7_idAABFgen10_uff_E=9422.37, -7.9, 6.438,13.224
6LU7_idAABFgen10_uff_E=9422.37, -7.8, 3.113,10.195
6LU7_idAABFgen10_uff_E=9422.37, -7.8,20.876,25.597
6LU7_idAABFgen10_uff_E=9422.37, -7.6,22.525,26.394
6LU7_idAABFgen10_uff_E=9422.37, -7.6, 2.310, 3.862
6LU7_idAABFgen10_uff_E=9422.37, -7.5,20.411,25.365
6LU7_idAABFgen10_uff_E=9422.37, -7.5, 2.351, 3.610
6LU7_idAABFgen10_uff_E=9422.37, -7.4,20.915,26.028
6LU7_idAABFgen9_uff_E=1160.12, -7.9, 0.000, 0.000
6LU7_idAABFgen9_uff_E=1160.12, -7.8, 2.342, 8.225
6LU7_idAABFgen9_uff_E=1160.12, -7.7, 2.645, 7.617
6LU7_idAABFgen9_uff_E=1160.12, -7.5, 2.590, 6.895
6LU7_idAABFgen9_uff_E=1160.12, -7.4, 2.474, 7.593
6LU7_idAABFgen9_uff_E=1160.12, -7.3,19.592,23.875
6LU7_idAABFgen9_uff_E=1160.12, -7.3,21.405,25.356
6LU7_idAABFgen9_uff_E=1160.12, -7.3, 2.787, 7.655
6LU7_idAABFgen9_uff_E=1160.12, -7.3, 2.935, 7.478
6LU7_idAABGgen10_uff_E=935.67, -9.2, 0.000, 0.000
6LU7_idAABGgen10_uff_E=935.67, -8.3,18.978,25.193
6LU7_idAABGgen10_uff_E=935.67, -8.2, 2.969, 8.866
6LU7_idAABGgen10_uff_E=935.67, -8.1,19.226,25.318
6LU7_idAABGgen10_uff_E=935.67, -8.1, 1.741, 2.524
6LU7_idAABGgen10_uff_E=935.67, -7.9, 2.842, 7.475
6LU7_idAABGgen10_uff_E=935.67, -7.9, 2.863, 9.221
6LU7_idAABGgen10_uff_E=935.67, -7.8, 2.619, 6.962
6LU7_idAABGgen10_uff_E=935.67, -7.8, 1.710, 3.135
6LU7_idAABLgen10_uff_E=13362.99, -7.5, 0.000, 0.000
6LU7_idAABLgen10_uff_E=13362.99, -7.5,22.522,25.035
6LU7_idAABLgen10_uff_E=13362.99, -7.5,22.490,24.904
6LU7_idAABLgen10_uff_E=13362.99, -7.4,25.288,28.857
6LU7_idAABLgen10_uff_E=13362.99, -7.4, 3.608, 9.779
6LU7_idAABLgen10_uff_E=13362.99, -7.3, 2.773, 6.957
6LU7_idAABLgen10_uff_E=13362.99, -7.3, 2.856, 6.958
6LU7_idAABLgen10_uff_E=13362.99, -7.3, 2.051, 3.463
6LU7_idAABLgen10_uff_E=13362.99, -7.1, 1.481, 2.663
6LU7_idAABLgen9_uff_E=1366.94, -7.6, 0.000, 0.000
6LU7_idAABLgen9_uff_E=1366.94, -7.4, 4.141, 6.454
6LU7_idAABLgen9_uff_E=1366.94, -7.2,21.986,26.805
6LU7_idAABLgen9_uff_E=1366.94, -7.2, 2.843, 4.658
6LU7_idAABLgen9_uff_E=1366.94, -7.1, 1.724, 2.662
6LU7_idAABLgen9_uff_E=1366.94, -7.1, 2.796, 4.576
6LU7_idAABLgen9_uff_E=1366.94, -7.0, 2.860,11.023
6LU7_idAABLgen9_uff_E=1366.94, -7.0, 2.910, 5.381
6LU7_idAABLgen9_uff_E=1366.94, -7.0, 4.415, 7.421
6LU7_idAABOgen10_uff_E=687.09, -9.3, 0.000, 0.000
6LU7_idAABOgen10_uff_E=687.09, -9.1, 1.633, 2.602
6LU7_idAABOgen10_uff_E=687.09, -8.9, 2.263, 3.938
6LU7_idAABOgen10_uff_E=687.09, -8.5,20.331,24.554
6LU7_idAABOgen10_uff_E=687.09, -8.4,20.980,25.841
6LU7_idAABOgen10_uff_E=687.09, -8.4,20.463,25.538
6LU7_idAABOgen10_uff_E=687.09, -8.2,21.678,26.071
6LU7_idAABOgen10_uff_E=687.09, -8.2, 3.023, 5.950
6LU7_idAABOgen10_uff_E=687.09, -8.2,21.150,25.861
6LU7_idAABPgen10_uff_E=13432.05, -9.9, 0.000, 0.000
6LU7_idAABPgen10_uff_E=13432.05, -9.3, 3.349, 8.591
6LU7_idAABPgen10_uff_E=13432.05, -9.1,21.384,25.999
6LU7_idAABPgen10_uff_E=13432.05, -9.1, 2.934, 7.025
6LU7_idAABPgen10_uff_E=13432.05, -9.0, 3.543, 8.124
6LU7_idAABPgen10_uff_E=13432.05, -8.8, 2.575, 6.705
6LU7_idAABPgen10_uff_E=13432.05, -8.8, 3.030, 8.966
6LU7_idAABPgen10_uff_E=13432.05, -8.8, 2.760, 7.155
6LU7_idAABPgen10_uff_E=13432.05, -8.7, 2.207, 5.950
6LU7_idAABQgen10_uff_E=863.02, -8.0, 0.000, 0.000
6LU7_idAABQgen10_uff_E=863.02, -7.8, 1.744, 2.515
6LU7_idAABQgen10_uff_E=863.02, -7.7, 2.338, 7.974
6LU7_idAABQgen10_uff_E=863.02, -7.7, 2.682, 5.950
6LU7_idAABQgen10_uff_E=863.02, -7.6, 1.857, 3.289
6LU7_idAABQgen10_uff_E=863.02, -7.6,22.763,27.000
6LU7_idAABQgen10_uff_E=863.02, -7.4, 2.280, 7.383
6LU7_idAABQgen10_uff_E=863.02, -7.4, 2.054, 3.717
6LU7_idAABQgen10_uff_E=863.02, -7.4, 1.812, 2.661
6LU7_idAABRgen9_uff_E=1067.61, -8.2, 0.000, 0.000
6LU7_idAABRgen9_uff_E=1067.61, -7.7,21.589,26.365
6LU7_idAABRgen9_uff_E=1067.61, -7.6,20.211,24.500
6LU7_idAABRgen9_uff_E=1067.61, -7.6,21.058,25.780
6LU7_idAABRgen9_uff_E=1067.61, -7.5,22.364,26.525
6LU7_idAABRgen9_uff_E=1067.61, -7.5,20.352,24.992
6LU7_idAABRgen9_uff_E=1067.61, -7.4,21.681,25.702
6LU7_idAABRgen9_uff_E=1067.61, -7.3,21.823,25.642
6LU7_idAABRgen9_uff_E=1067.61, -7.1,21.565,25.446
6LU7_idAABXgen10_uff_E=889.09, -8.5, 0.000, 0.000
6LU7_idAABXgen10_uff_E=889.09, -8.5, 2.050, 7.448
6LU7_idAABXgen10_uff_E=889.09, -8.4, 2.762, 8.305
6LU7_idAABXgen10_uff_E=889.09, -7.8, 1.730, 6.432
6LU7_idAABXgen10_uff_E=889.09, -7.8,22.858,26.398
6LU7_idAABXgen10_uff_E=889.09, -7.6, 1.469, 2.061
6LU7_idAABXgen10_uff_E=889.09, -7.5, 1.991, 6.584
6LU7_idAABXgen10_uff_E=889.09, -7.5, 2.792, 7.863
6LU7_idAABXgen10_uff_E=889.09, -7.5, 2.463, 9.168
6LU7_idAABYgen10_uff_E=2108.42, -7.4, 0.000, 0.000
6LU7_idAABYgen10_uff_E=2108.42, -7.4, 2.036, 7.680
6LU7_idAABYgen10_uff_E=2108.42, -7.3, 1.359, 2.833
6LU7_idAABYgen10_uff_E=2108.42, -7.3, 2.903, 5.752
6LU7_idAABYgen10_uff_E=2108.42, -7.3, 2.077, 4.029
6LU7_idAABYgen10_uff_E=2108.42, -7.3, 2.041, 7.425
6LU7_idAABYgen10_uff_E=2108.42, -7.2, 1.987, 5.423
6LU7_idAABYgen10_uff_E=2108.42, -7.1, 2.233, 4.126
6LU7_idAABYgen10_uff_E=2108.42, -7.1,22.016,26.704
6LU7_idAACAgen10_uff_E=1151.74, -6.8, 0.000, 0.000
6LU7_idAACAgen10_uff_E=1151.74, -6.8, 2.832,10.254
6LU7_idAACAgen10_uff_E=1151.74, -6.8,23.568,27.645
6LU7_idAACAgen10_uff_E=1151.74, -6.7,21.095,26.345
6LU7_idAACAgen10_uff_E=1151.74, -6.7,22.115,26.469
6LU7_idAACAgen10_uff_E=1151.74, -6.6,21.941,27.019
6LU7_idAACAgen10_uff_E=1151.74, -6.3,23.663,27.152
6LU7_idAACAgen10_uff_E=1151.74, -6.3,21.178,26.383
6LU7_idAACAgen10_uff_E=1151.74, -6.3,20.513,25.627
6LU7_idAACBgen10_uff_E=1082.33, -9.2, 0.000, 0.000
6LU7_idAACBgen10_uff_E=1082.33, -8.7, 1.229, 2.181
6LU7_idAACBgen10_uff_E=1082.33, -8.0, 1.909, 3.493
6LU7_idAACBgen10_uff_E=1082.33, -8.0, 1.806, 4.210
6LU7_idAACBgen10_uff_E=1082.33, -7.6,20.335,25.365
6LU7_idAACBgen10_uff_E=1082.33, -7.4, 2.821, 9.139
6LU7_idAACBgen10_uff_E=1082.33, -7.4,20.435,26.762
6LU7_idAACBgen10_uff_E=1082.33, -7.4, 2.665, 5.441
6LU7_idAACBgen10_uff_E=1082.33, -7.3,20.087,25.080
6LU7_idAACCgen10_uff_E=802.46, -7.8, 0.000, 0.000
6LU7_idAACCgen10_uff_E=802.46, -7.7, 3.023, 9.132
6LU7_idAACCgen10_uff_E=802.46, -7.6, 4.311, 8.490
6LU7_idAACCgen10_uff_E=802.46, -7.5, 1.395, 2.593
6LU7_idAACCgen10_uff_E=802.46, -7.4,20.991,25.527
6LU7_idAACCgen10_uff_E=802.46, -7.3, 2.661, 9.673
6LU7_idAACCgen10_uff_E=802.46, -7.2, 3.160, 8.932
6LU7_idAACCgen10_uff_E=802.46, -7.1, 2.784, 9.134
6LU7_idAACCgen10_uff_E=802.46, -7.1, 4.292, 7.471
6LU7_idAACKgen9_uff_E=2020.99, -9.4, 0.000, 0.000
6LU7_idAACKgen9_uff_E=2020.99, -9.1, 2.181, 9.651
6LU7_idAACKgen9_uff_E=2020.99, -9.0,20.176,24.526
6LU7_idAACKgen9_uff_E=2020.99, -9.0,21.609,26.914
6LU7_idAACKgen9_uff_E=2020.99, -8.9, 2.468, 9.392
6LU7_idAACKgen9_uff_E=2020.99, -8.9,20.621,26.996
6LU7_idAACKgen9_uff_E=2020.99, -8.9,21.007,27.175
6LU7_idAACKgen9_uff_E=2020.99, -8.7, 3.572, 6.333
6LU7_idAACKgen9_uff_E=2020.99, -8.7,21.140,24.694
6LU7_idAACXgen9_uff_E=1212.90, -8.0, 0.000, 0.000
6LU7_idAACXgen9_uff_E=1212.90, -7.8, 2.650,10.163
6LU7_idAACXgen9_uff_E=1212.90, -7.8, 2.259, 9.485
6LU7_idAACXgen9_uff_E=1212.90, -7.7,20.508,24.741
6LU7_idAACXgen9_uff_E=1212.90, -7.6,20.281,24.911
6LU7_idAACXgen9_uff_E=1212.90, -7.6, 2.508, 9.587
6LU7_idAACXgen9_uff_E=1212.90, -7.6, 3.290, 8.065
6LU7_idAACXgen9_uff_E=1212.90, -7.5, 2.849, 9.422
6LU7_idAACXgen9_uff_E=1212.90, -7.4, 3.377,10.407
6LU7_idAACZgen9_uff_E=2003.19, -7.6, 0.000, 0.000
6LU7_idAACZgen9_uff_E=2003.19, -7.5,20.898,25.452
6LU7_idAACZgen9_uff_E=2003.19, -7.4,20.349,24.934
6LU7_idAACZgen9_uff_E=2003.19, -7.3,20.843,25.443
6LU7_idAACZgen9_uff_E=2003.19, -7.3,19.969,25.164
6LU7_idAACZgen9_uff_E=2003.19, -7.3, 3.341, 9.189
6LU7_idAACZgen9_uff_E=2003.19, -7.3, 1.931, 2.972
6LU7_idAACZgen9_uff_E=2003.19, -7.3,20.534,24.712
6LU7_idAACZgen9_uff_E=2003.19, -7.2,19.578,23.426
6LU7_idAADIgen9_uff_E=1258.44, -7.9, 0.000, 0.000
6LU7_idAADIgen9_uff_E=1258.44, -7.6, 2.998, 8.789
6LU7_idAADIgen9_uff_E=1258.44, -7.4, 3.395, 8.340
6LU7_idAADIgen9_uff_E=1258.44, -7.4,21.592,26.383
6LU7_idAADIgen9_uff_E=1258.44, -7.3,22.253,25.868
6LU7_idAADIgen9_uff_E=1258.44, -7.2,20.673,25.047
6LU7_idAADIgen9_uff_E=1258.44, -7.1, 3.044, 8.907
6LU7_idAADIgen9_uff_E=1258.44, -7.1,22.155,27.090
6LU7_idAADIgen9_uff_E=1258.44, -7.1, 2.666, 7.511
6LU7_idAADYgen9_uff_E=823.57, -8.8, 0.000, 0.000
6LU7_idAADYgen9_uff_E=823.57, -8.4, 3.829, 8.538
6LU7_idAADYgen9_uff_E=823.57, -8.3,21.015,25.574
6LU7_idAADYgen9_uff_E=823.57, -8.2, 2.650, 9.259
6LU7_idAADYgen9_uff_E=823.57, -8.2, 3.551, 8.842
6LU7_idAADYgen9_uff_E=823.57, -8.1, 3.650, 8.072
6LU7_idAADYgen9_uff_E=823.57, -8.1, 4.059, 9.023
6LU7_idAADYgen9_uff_E=823.57, -8.0,21.251,25.431
6LU7_idAADYgen9_uff_E=823.57, -7.9, 2.688, 8.064
6LU7_idAAEFgen9_uff_E=1260.75, -7.2, 0.000, 0.000
6LU7_idAAEFgen9_uff_E=1260.75, -7.2, 3.478, 8.386
6LU7_idAAEFgen9_uff_E=1260.75, -7.2,19.959,23.992
6LU7_idAAEFgen9_uff_E=1260.75, -7.2, 3.090, 7.557
6LU7_idAAEFgen9_uff_E=1260.75, -7.1, 3.115, 8.113
6LU7_idAAEFgen9_uff_E=1260.75, -7.0, 3.396, 8.257
6LU7_idAAEFgen9_uff_E=1260.75, -7.0,21.002,25.436
6LU7_idAAEFgen9_uff_E=1260.75, -7.0,20.790,26.605
6LU7_idAAEFgen9_uff_E=1260.75, -7.0, 4.458, 9.804
6LU7_idAAEGgen9_uff_E=1175.54, -8.1, 0.000, 0.000
6LU7_idAAEGgen9_uff_E=1175.54, -7.9,19.448,23.420
6LU7_idAAEGgen9_uff_E=1175.54, -7.5,20.619,24.130
6LU7_idAAEGgen9_uff_E=1175.54, -7.2,20.509,24.136
6LU7_idAAEGgen9_uff_E=1175.54, -7.2, 3.003, 6.822
6LU7_idAAEGgen9_uff_E=1175.54, -7.2,19.702,26.077
6LU7_idAAEGgen9_uff_E=1175.54, -7.2, 1.506, 2.058
6LU7_idAAEGgen9_uff_E=1175.54, -7.1,19.633,24.274
6LU7_idAAEGgen9_uff_E=1175.54, -7.1,21.013,26.990
6LU7_idAAEKgen9_uff_E=995.69, -8.7, 0.000, 0.000
6LU7_idAAEKgen9_uff_E=995.69, -8.4, 4.705, 9.004
6LU7_idAAEKgen9_uff_E=995.69, -8.2, 4.741,10.826
6LU7_idAAEKgen9_uff_E=995.69, -8.2, 4.291,10.029
6LU7_idAAEKgen9_uff_E=995.69, -8.1, 4.678,10.346
6LU7_idAAEKgen9_uff_E=995.69, -7.8,21.469,25.839
6LU7_idAAEKgen9_uff_E=995.69, -7.8, 5.849,11.361
6LU7_idAAEKgen9_uff_E=995.69, -7.7,20.870,25.258
6LU7_idAAEKgen9_uff_E=995.69, -7.6, 4.115,10.939
6LU7_idAAESgen9_uff_E=1221.43, -7.8, 0.000, 0.000
6LU7_idAAESgen9_uff_E=1221.43, -7.8, 2.940, 9.670
6LU7_idAAESgen9_uff_E=1221.43, -7.8, 2.917,10.594
6LU7_idAAESgen9_uff_E=1221.43, -7.7,20.527,24.694
6LU7_idAAESgen9_uff_E=1221.43, -7.6,20.740,24.896
6LU7_idAAESgen9_uff_E=1221.43, -7.6, 2.923,10.115
6LU7_idAAESgen9_uff_E=1221.43, -7.6,20.083,24.777
6LU7_idAAESgen9_uff_E=1221.43, -7.6,20.097,24.858
6LU7_idAAESgen9_uff_E=1221.43, -7.5, 2.640, 4.279
6LU7_idAAEUgen9_uff_E=1269.50, -8.6, 0.000, 0.000
6LU7_idAAEUgen9_uff_E=1269.50, -8.1, 0.973, 1.491
6LU7_idAAEUgen9_uff_E=1269.50, -8.1,19.630,23.142
6LU7_idAAEUgen9_uff_E=1269.50, -8.0, 2.795, 7.818
6LU7_idAAEUgen9_uff_E=1269.50, -7.8, 2.420, 7.146
6LU7_idAAEUgen9_uff_E=1269.50, -7.8, 2.360, 7.379
6LU7_idAAEUgen9_uff_E=1269.50, -7.7,19.351,23.803
6LU7_idAAEUgen9_uff_E=1269.50, -7.7,19.996,24.328
6LU7_idAAEUgen9_uff_E=1269.50, -7.7, 2.157, 9.370
6LU7_idABSHgen0_uff_E=1301.24, -8.6, 0.000, 0.000
6LU7_idABSHgen0_uff_E=1301.24, -8.1, 7.220,11.821
6LU7_idABSHgen0_uff_E=1301.24, -8.1,18.093,23.595
6LU7_idABSHgen0_uff_E=1301.24, -8.0, 8.343,16.336
6LU7_idABSHgen0_uff_E=1301.24, -7.9, 2.337, 3.210
6LU7_idABSHgen0_uff_E=1301.24, -7.8, 2.845, 5.045
6LU7_idABSHgen0_uff_E=1301.24, -7.7,20.993,23.809
6LU7_idABSHgen0_uff_E=1301.24, -7.6, 4.702, 8.924
6LU7_idABSHgen0_uff_E=1301.24, -7.5, 8.620,11.180
6LU7_idABSIgen0_uff_E=405.14, -7.0, 0.000, 0.000
6LU7_idABSIgen0_uff_E=405.14, -6.8,21.632,25.877
6LU7_idABSIgen0_uff_E=405.14, -6.7,22.057,25.855
6LU7_idABSIgen0_uff_E=405.14, -6.7,19.486,21.719
6LU7_idABSIgen0_uff_E=405.14, -6.7,21.971,26.427
6LU7_idABSIgen0_uff_E=405.14, -6.7,20.860,25.642
6LU7_idABSIgen0_uff_E=405.14, -6.7,21.468,25.406
6LU7_idABSIgen0_uff_E=405.14, -6.5, 1.889, 2.931
6LU7_idABSIgen0_uff_E=405.14, -6.5, 3.007, 8.231
6LU7_idABSKgen0_uff_E=999.09, -6.5, 0.000, 0.000
6LU7_idABSKgen0_uff_E=999.09, -6.5, 1.313, 2.188
6LU7_idABSKgen0_uff_E=999.09, -6.4,21.829,24.027
6LU7_idABSKgen0_uff_E=999.09, -6.4,19.918,24.120
6LU7_idABSKgen0_uff_E=999.09, -6.3,19.773,23.715
6LU7_idABSKgen0_uff_E=999.09, -6.2, 1.509, 1.942
6LU7_idABSKgen0_uff_E=999.09, -6.0,20.702,25.102
6LU7_idABSKgen0_uff_E=999.09, -6.0,22.171,24.444
6LU7_idABSKgen0_uff_E=999.09, -6.0,22.735,25.376
6LU7_idABSLgen0_uff_E=341.32, -6.3, 0.000, 0.000
6LU7_idABSLgen0_uff_E=341.32, -6.1,21.355,24.953
6LU7_idABSLgen0_uff_E=341.32, -6.1, 2.729, 8.255
6LU7_idABSLgen0_uff_E=341.32, -6.0,22.064,24.827
6LU7_idABSLgen0_uff_E=341.32, -6.0, 2.729, 7.566
6LU7_idABSLgen0_uff_E=341.32, -5.6,21.054,24.912
6LU7_idABSLgen0_uff_E=341.32, -5.5,29.504,33.940
6LU7_idABSLgen0_uff_E=341.32, -5.5, 2.551, 5.119
6LU7_idABSLgen0_uff_E=341.32, -5.4,37.421,42.134
6LU7_idABSMgen0_uff_E=739.45, -6.5, 0.000, 0.000
6LU7_idABSMgen0_uff_E=739.45, -6.5,21.080,23.197
6LU7_idABSMgen0_uff_E=739.45, -6.3,19.250,22.719
6LU7_idABSMgen0_uff_E=739.45, -6.2, 2.678, 7.238
6LU7_idABSMgen0_uff_E=739.45, -6.2, 3.617, 7.601
6LU7_idABSMgen0_uff_E=739.45, -6.1, 3.634, 7.789
6LU7_idABSMgen0_uff_E=739.45, -6.0, 3.519, 6.668
6LU7_idABSMgen0_uff_E=739.45, -6.0,19.399,22.367
6LU7_idABSMgen0_uff_E=739.45, -6.0, 2.503, 6.013
6LU7_idABSNgen0_uff_E=509.59, -7.7, 0.000, 0.000
6LU7_idABSNgen0_uff_E=509.59, -7.7, 1.505, 2.534
6LU7_idABSNgen0_uff_E=509.59, -7.7, 1.318, 2.324
6LU7_idABSNgen0_uff_E=509.59, -7.6, 1.810, 3.075
6LU7_idABSNgen0_uff_E=509.59, -7.5, 2.573, 7.576
6LU7_idABSNgen0_uff_E=509.59, -7.5,19.257,22.987
6LU7_idABSNgen0_uff_E=509.59, -7.4,20.874,25.583
6LU7_idABSNgen0_uff_E=509.59, -7.4,21.767,25.043
6LU7_idABSNgen0_uff_E=509.59, -7.3,23.601,29.271
6LU7_idABSOgen0_uff_E=889.85, -7.3, 0.000, 0.000
6LU7_idABSOgen0_uff_E=889.85, -7.0,20.432,24.588
6LU7_idABSOgen0_uff_E=889.85, -6.9,19.638,23.670
6LU7_idABSOgen0_uff_E=889.85, -6.9, 2.795, 4.495
6LU7_idABSOgen0_uff_E=889.85, -6.8,20.337,24.351
6LU7_idABSOgen0_uff_E=889.85, -6.8,20.231,24.368
6LU7_idABSOgen0_uff_E=889.85, -6.7, 2.620, 5.243
6LU7_idABSOgen0_uff_E=889.85, -6.6, 2.598, 4.467
6LU7_idABSOgen0_uff_E=889.85, -6.5,26.989,32.437
6LU7_idABSPgen0_uff_E=860.76, -7.1, 0.000, 0.000
6LU7_idABSPgen0_uff_E=860.76, -6.8, 2.719, 5.423
6LU7_idABSPgen0_uff_E=860.76, -6.7, 3.996, 7.161
6LU7_idABSPgen0_uff_E=860.76, -6.7,23.572,26.432
6LU7_idABSPgen0_uff_E=860.76, -6.6, 3.162, 6.056
6LU7_idABSPgen0_uff_E=860.76, -6.5, 2.817, 3.356
6LU7_idABSPgen0_uff_E=860.76, -6.5,18.919,21.806
6LU7_idABSPgen0_uff_E=860.76, -6.5, 3.032, 6.002
6LU7_idABSPgen0_uff_E=860.76, -6.5,28.494,31.777
6LU7_idABSQgen0_uff_E=1224.79, -6.4, 0.000, 0.000
6LU7_idABSQgen0_uff_E=1224.79, -6.2,33.863,35.461
6LU7_idABSQgen0_uff_E=1224.79, -6.1,32.259,33.996
6LU7_idABSQgen0_uff_E=1224.79, -6.0, 2.897, 3.868
6LU7_idABSQgen0_uff_E=1224.79, -5.9,12.204,13.870
6LU7_idABSQgen0_uff_E=1224.79, -5.9,34.015,35.685
6LU7_idABSQgen0_uff_E=1224.79, -5.9,34.382,36.193
6LU7_idABSQgen0_uff_E=1224.79, -5.7, 2.966, 4.949
6LU7_idABSQgen0_uff_E=1224.79, -5.7,13.063,14.742
6LU7_idABSRgen0_uff_E=480.40, -7.8, 0.000, 0.000
6LU7_idABSRgen0_uff_E=480.40, -7.8,19.751,23.801
6LU7_idABSRgen0_uff_E=480.40, -7.7,19.963,23.813
6LU7_idABSRgen0_uff_E=480.40, -7.5,19.773,23.874
6LU7_idABSRgen0_uff_E=480.40, -7.4, 2.993, 6.423
6LU7_idABSRgen0_uff_E=480.40, -7.2,19.749,21.909
6LU7_idABSRgen0_uff_E=480.40, -7.1, 3.612, 8.815
6LU7_idABSRgen0_uff_E=480.40, -7.1, 2.038, 7.205
6LU7_idABSRgen0_uff_E=480.40, -7.1, 5.104,11.493
6LU7_idABSSgen0_uff_E=1514.36, -6.8, 0.000, 0.000
6LU7_idABSSgen0_uff_E=1514.36, -6.8, 2.964, 9.049
6LU7_idABSSgen0_uff_E=1514.36, -6.4,18.763,22.622
6LU7_idABSSgen0_uff_E=1514.36, -6.4, 4.058,10.019
6LU7_idABSSgen0_uff_E=1514.36, -6.4, 3.767,10.434
6LU7_idABSSgen0_uff_E=1514.36, -6.3,21.726,25.062
6LU7_idABSSgen0_uff_E=1514.36, -6.3, 3.628,10.355
6LU7_idABSSgen0_uff_E=1514.36, -6.3, 3.942,10.491
6LU7_idABSSgen0_uff_E=1514.36, -6.3, 3.979,10.463
6LU7_idABSTgen0_uff_E=980.06, -7.6, 0.000, 0.000
6LU7_idABSTgen0_uff_E=980.06, -7.4, 1.928, 4.341
6LU7_idABSTgen0_uff_E=980.06, -7.3, 0.893, 3.094
6LU7_idABSTgen0_uff_E=980.06, -7.2, 2.102, 3.943
6LU7_idABSTgen0_uff_E=980.06, -7.1, 2.735, 6.187
6LU7_idABSTgen0_uff_E=980.06, -7.1, 1.528, 2.117
6LU7_idABSTgen0_uff_E=980.06, -7.0, 2.275, 4.429
6LU7_idABSTgen0_uff_E=980.06, -6.9,21.634,24.860
6LU7_idABSTgen0_uff_E=980.06, -6.7,20.860,24.021
